Category,Resume
Automation Testing,"TECHNICAL SKILLS Languages Core Java Automation Testing Tool Selenium with web driver and IDE DBMS MS SQL Server 20002005 Oracle 10g Operating System WindowsXP710 Education Details 
BSCIT   Mumbai UniversityAutomation TesterAutomation and Manual TesterSkill Details 
DATABASE MANAGEMENT SYSTEM Exprience  6 months
DBMS Exprience  6 months
JAVA Exprience  6 months
MS SQL SERVER Exprience  6 months
MS SQL SERVER 2000 Exprience  6 monthsCompany Details 
company  Capgemini India Pvt Ltd
description  Worked on Manual as well as automation testing
Started carrier as manual tester then after that moved to automation testing Now working as automation tester Worked on Selenium Webdriver
company  Na
description  Currently working with Capgemini Airoli as Consultant from 06th May 2013 to till the
date"
Blockchain,"Hobbies  Playing Chess  Solving Rubiks Cube  Watching Series Languages  English  Hindi  Marathi Education Details 
January 2014 to January 2017 Bachelors Degree Information Technology First Class Pune Maharashtra JSPMs Jayawantrao Sawant College of Engineering
January 2010 to January 2014 Diploma Information Technology First Class Nashik Maharashtra K K Wagh Polytechnic
January 2010 SSC First Class  Nashik Maharashtra New Era English SchoolBlockchain DeveloperBlockchain Developer  Corpcloud Global Services Pvt LtdSkill Details 
Blockchain Exprience  6 months
Smart Contracts Exprience  6 months
DApps Exprience  6 months
MEAN Stack Exprience  12 monthsCompany Details 
company  Corpcloud Global Services Pvt Ltd
description   Worked productively with the Team to identify requirements and proposed ideas on enhancing the product
Developing and managing users Blockchain account wallets and transactions
Regularly monitoring smooth executions of Blockchain transactions and wallet functions along with identifying and correcting possible errors
Writing smart contracts their APIs and documenting them
company  Corpcloud Global Services Pvt Ltd
description   Identifying complex bugs in the system and resolving them
Implemented and updated application modules under the direction of Seniors
Effectively coded required changes and alterations and checked in into repository using Bit Bucket
Performed code checkins and checkouts regularly and worked with APIs"
Data Science,"Skills  Python  Tableau  Data Visualization  R Studio  Machine Learning  Statistics IABAC Certified Data Scientist with versatile experience over 1 years in managing business data science consulting and leading innovation projects bringing business ideas to working real world solutions Being a strong advocator of augmented era where human capabilities are enhanced by machines Fahed is passionate about bringing business concepts in area of machine learning AI robotics etc to real life solutionsEducation Details 
January 2017 B Tech Computer Science  Engineering Mohali Punjab Indo Global College of EngineeringData Science ConsultantData Science Consultant  DatamitesSkill Details 
MACHINE LEARNING Exprience  13 months
PYTHON Exprience  24 months
SOLUTIONS Exprience  24 months
DATA SCIENCE Exprience  24 months
DATA VISUALIZATION Exprience  24 months
Tableau Exprience  24 monthsCompany Details 
company  Datamites
description   Analyzed and processed complex data sets using advanced querying visualization and analytics tools
Responsible for loading extracting and validation of client data
Worked on manipulating cleaning  processing data using python
Used Tableau for data visualization
company  Heretic Solutions Pvt Ltd
description   Worked closely with business to identify issues and used data to propose solutions for effective decision making
Manipulating cleansing  processing data using Python Excel and R
Analyzed raw data drawing conclusions  developing recommendations
Used machine learning tools and statistical techniques to produce solutions to problems"
Database,"Technical Skills Databases Oracle RDBMS 10g 11g  12c Technologyutilities Data Pump RMAN Data guard ASM RAC Golden Gate Tools OCC PUTTY SQLPLUS SQL Developer Netbackup SCOM SCCM VMWare Vsphere Operating Systems RHEL 60 RHEL 65 UNIX and Microsoft WindowsEducation Details 
Database AdministratorDatabase Administrator  BNY MellonSkill Details 
DATABASES Exprience  24 months
ORACLE Exprience  24 months
RMAN Exprience  24 months
NETBACKUP Exprience  24 months
SCOM Exprience  24 monthsCompany Details 
company  BNY Mellon
description  Databases 600
Team Size 8
Duration Jan 2017  Till Date
Clients Over 130 investment banking organizations who are hosted with Eagle
Responsibilities Database Management Support and managing critical production Preproduction test and reporting databases in different platforms Capacity Management Upgrades
Handling day to day database activities monitoring and incident management
Building new databases as per the requirement and prepare them for go live with the help of multiple teams
Working on scheduled activity of database patching CPU PSU  Installing latest path on production Dev and Test databases as per the suggestion from Oracle support
Database Upgrade from 11g and to 12c
Adding disks to ASM disk groups
Building DR database using Active Data guard Make it sync with prod and resolving issues if persists  Data Guard Management Checking lagging status removing lagging of archives checking processes like RFSMRP Archives Management  Working on tablespace related issues  Managing user access and profiles  Importing and exporting using datapump  Maintaining inventory of all databases in the single centralize database  Refreshing test environment from production database
Working with Oracle Support to resolve oracle errors
Schedule daily and weekly databases backup using RMAN Troubleshooting in RMAN issues
Database cloning using RMAN
Take part in cutover to upgrade application to higher version
Strictly following ITIL process in incident management and change management
Providing weekly report of issues in team meeting also participating and suggesting service improvement plans
Database Migrations from one server to another or to different platforms  RCA and impact analysis reporting during any production outage
Previous Organization Brose India
Project I Central IT Management
company  
description  Responsibilities Managing our internal databases and servers of Brose global
Providing 24x7 oncall support in the rotational shifts
Performing daytoday database activity  Monitoring and responding DBA group Mails for all alerts issues and adhoc business user requests etc
Database creation patching  Backup of Database in frequent cycles using Data pumpRMAN
Database refreshes using RMAN Datapump
Recovery using copy of data  RMAN  Monitoring logs and trace for resolving issues
Creating new VM servers and prepare it for go live Also decommissioning as per requirements
Weekly patching of windows servers using SCCM and taking actions for patching if needed  Monitoring and troubleshooting of daily and weekly OS backup using Symantec Netbackup  Managing user accounts of OS users and database users  Monitoring OS level alerts using SCOM
Project II Data Center Migration Onsite Project
Responsibilities Data center migration was one of activity for migration of our datacenter from one location to another Where our all servers and databases were moved successfully
Installation of Oracle 11g on Linux platforms  Worked on service requests Incidents  Change  Request  Creation of users managing user privileges  Configured RMAN backup for databases  Patching of databases  Configuring physical standby database using Dataguard  Cloning of servers and migrate to another cluster
ACADEMIA  PERSONAL DETAILS  Bachelor of Engineering BE in Computer Science and Engineering From SGBAU Amravati University Amravati in 2014 with CGPA of 721
Current Address       Mr Yogesh Tikhat CO Raj Ahmad Flat G2702 Dreams Aakruti Kalepadal Hadapsar Pune  411028
Highest Qualification   BE cse
PAN                   AOFPT5052C"
DevOps Engineer,"Core skills  Project  Program Management  Agile  Scrum Management  Risk Client Management  Process Improvements  ProposalsRFE  Selenium  RALLY  IBM TD Platform  Python  DevOps  DevSecOps  SAFe  Agile Craft  Delivery  Test Management  Project  Program Finance  Profit Maximization  Internal  External Audits  Software Testing  Quality Assurance  Visual Basic 60  MSSQL Server  Oracle 88i  Conformiq  HP QC  QTP  Crystal Report 85 Linguistic Skills English Hindi Marathi Tulu Education Details 
January 2013    Harvard
January 2004  Software Engineering  Aptech
January 2001 Bachelor of Commerce Commerce Mumbai Maharashtra Mumbai UniversityProject ManagerProject Manager  ATTSkill Details 
TESTING Exprience  63 months
ORACLE Exprience  6 months
SQL Exprience  6 months
AUDITS Exprience  6 months
CLIENT MANAGEMENT Exprience  6 monthsCompany Details 
company  ATT
description  Thunderbird program is a OneStopTestShop catering to ATTs Enterprisewide business critical applications As part of this Fixed Price engagement various types of testing like System Regression Sanity and UAT support gets executed through Agile Methodologies on applications under Billing and Sales domain The project has various critical applications as listed below with a team size of 80 members
Sales Express An iPad  Browser based Mobile Sales application used by Sales Representatives  ServiceSolution providers to sell Enterprise ProductsSolutions
ESIGN Allows customer to sign and ATT to countersign digital version of contract document
AMPD Enterprise billing application through which ATT offers new and emerging billing products to the Business community
BEST Business Solution application which performs consolidated billing and reporting for CRU Billing and Reporting Foundation Accounts
BIZCOMP Comp Engine for business that supports the commission calculations for Enterprise Business and SmallBusiness sales force via Revenue and Unit based plans
FAST Provides rate discounts to eligible Schools and Libraries
CXMT Lets customers manage their Centrex line and feature arrangements of their services without going through the standard serviceorder procedure
Key responsibilities
Manage and lead all aspects of Transition  PreTransition comprising multiple vendors
Transition Drill down sessions ForwardReverse Shadow phases and Reverse Presentation
Transition Documentation  signoff of SMP  System Appreciation Document etc
Measure  track testing metrics scorecard as part of Vendor Quality Index VQI initiative of ATT
Measure and track operating metrics like Onsite Subcon Index Offshoring Index Leakage Index Utilization Index and Tail Index
Manage Track and Submit Project Monthly Financials  Invoicing
Ensure 100 compliance to client  organizations quality and security processes policies and SLAs
Plan manage and mitigate Risks
Achieve Automation targets and SLAs using ConformiQ Selenium  Oscar Tools
Participate in proposal preparations to expand revenue and new business developments
Manage  Track Work Allocation Resourcing Issue Resolution and Testing activities for the project
Ensure Monthly Delivery  TL9K Metrics and CSLKMs are submitted on time
PMR Internal Quality  Security Group SQA Quality Gates and external Ernst  Young  TL9K Audit
Share weekly highlight reports Project Health Report and regular Dashboard Reporting activities
Prepare CSAT action plan for the team
Prepare and implement Business Continuity Plan for the project
Timely conduct of Business Continuity drills like Call Tree Table Top and Project Rehearsal
Comparative analysis Root Cause Analysis and Defect Prevention exercises for ST E2E and UAT
Coordinate with Resource Management Quality Learning Security PMO and Business Unit
SubContractors and Rebadged ExATT staff management
Participate in external technical interview  hiring drives for new engagements
company  Esaya Software India Pvt Ltd
description  "
DotNet Developer,"Technical Skills CATEGORY SKILLS Language C C OOP Dot Net Technologies ASPNet MVC ADONet Entity Framework LINQ Web Technologies HTML CSS Browser Scripting JavaScript Jquery Ajax JSON Web Browser Internet Explorer 80 Mozilla Firefox10 Frontendframework Bootstrap Kendo UI Database SQL Server 2012 Development Tools Visual Studio 2013 Operating Systems MS Window 2007 Project Details Projects Worked On 1 Project Name Politician Website Role Trainee Project Description I developed Politician website In this website there is Home Page Quick Facts Category Biography Gallery and ContactUs Page It is a totally dynamic website Environment Operating System Windows 7 Development Tools Visual Studio 2013 Database Server SQL Server 2012 Technology NET Framework 45 ASPNet MVC5 Presentation Layer HTML CSS Jquery Bootstrap Role and Responsibilities  Understanding requirements Coding and unit testing 2 Project Name Coaching Management System CMS Project Description This software is helps to manage institute Student Teacher Courses Batches Fees Attendance and Marks  Provide easy reports like outstanding Fees Marks and Attendance etc This software is specially designed for coaching institute Environment Operating System Windows 7 Database Server SQL Server 2012 Technology NET Framework 45 ASPNet MVC5 Presentation Layer HTML CSS JavaScript Jquery Bootstrap Features  Project includes the feature of testing type and the activity on the project activities  Project includes the online management and test process Role and Responsibilities  Worked in Development of Backend Like Data Collections  Database Schema Designing and Create Database Dictionary  Made Database Constraints  I was also worked on Frontend Designing like Screen Generations form Designing  Applying client side Validation  SRS documentation and Development 3 Project Name Hospital Management System HMS Project Description Hospital Management System is powerful flexible and easy to use and designed and developed to deliver real conceivable benefits to hospitals and clinics and more importantly it is backed by reliable and dependable Hospital Management System is designed for multispecialty hospitals to cover a wide range of hospital administration and management processes It is an integrated endtoend Hospital Management System that provides relevant information across the hospital to support effective decision making for patient care hospital administration and critical financial accounting in a seamless flow Environment Presentation Layer HTML CSS JavaScript Jquery Kendo UI Business Layer NET Framework 45 ASPNet MVC5 Database Layer SQL Server 2012 Operating System Windows 7 Features  Project includes the feature of testing type and the activity on the project activities  Project includes the online management and test process Role and Responsibilities  Worked in Development of Backend Like Data Collections  Database Schema Designing and Create Database Dictionary  Made Database Constraints  I was also worked on Frontend Designing like Screen Generations form Designing  Applying client side Validation  SRS documentation and Development 4 Project Name Ticket Booking Software BESS Project Description Online Ticket Booking System is a Web based application You can directly book the ticket by this application This application is implemented for Bus Tour and Travel Agency Environment Presentation Layer HTML CSS JavaScript Jquery KendoUI Business Layer NET Framework 45 ASPNet MVC5 Database Layer SQL Server 2012 Operating System Windows 7 Features  Project includes the feature of testing type and the activity on the project activities  Project includes the online management and test process Role and Responsibilities  Worked in Development of Backend Like Data Collections  Database Schema Designing and Create Database Dictionary  Made Database Constraints  I was also worked on Frontend Designing like Screen Generations form Designing  Applying client side Validation  SRS documentation and Development 5 Project Name School Management System SMS Project Description School Management System is complete school management software designed to automate a schools diverse operations from classes exams to school events calendar This school software has a powerful online community to bring parents teachers and student on a common interactive platform It is paperless office automation solution for todays modern schools The School Management System provides the facility to carry out all day to day activities of the school making them fast easy efficient and accurate Environment Presentation Layer HTML CSS JavaScript Jquery Business Layer NET Framework 45 ASPNet MVC5 Database Layer SQL Server 2012 Operating System Windows 7 Features  Project includes the feature of testing type and the activity on the project activities  Project includes the online management and test process Role and Responsibilities  Worked in Development of Backend Like Data Collections  Database Schema Designing and Create Database Dictionary  Made Database Constraints  I was also worked on Frontend Designing like Screen Generations form Designing  Applying client side Validation  SRS documentation and Development 6 Project Name CREDIT MONITORING application Using the CREDIT MONITORING application RMs UHs Credit Controllers and CMUs are able to monitor and manage the following items online update the regularization dates and add their comments as well as generate reports  Overdrafts  Past Dues  SBLC  FG Expiry  Mortgage Expiry  Cheques Returns  Failed Direct Debit  NBF vs CB Classification Relationship Manager The relationship manager can only update the Regularization Date and the RM Comments All other fields will be disabled greyedout for the relationship manager On updating the Regularization Date and the RM Comments a successful message will be displayed to the RM and then the RM will be navigated to the Dashboard screen again Credit Controller CCU The credit controller can only update the CCU Comments if and only if the Regularization Date and RM Comments are present Otherwise the CCU Comments field will be disabled greyedout  All other fields will also be disabled greyedout for the CCU On updating the CCU Comments a successful message will be displayed to the CCU and then the CCU will be navigated to the Dashboard screen CMU The CMU can only update the CMU comments if and only if the CCU Comments are present Otherwise the CMU Comments field should be disabled greyedout  All other fields will be disabled greyedout for the CMU On updating the CMU Comments a successful message will be displayed to the CMU and then the CMU will be navigated to the Dashboard screen UH The UH can only update the UH comments All other fields will be disabled greyedout for the UH On updating the UH Comments a successful message will be displayed to the UH and then the UH will be navigated to the Dashboard screen Environment Presentation Layer HTML CSS JavaScript Jquery Business Layer NET Framework 45 ASPNet MVC5 Database Layer SQL Server 2012 Operating System Windows 7 Role and Responsibilities  Understanding requirements Coding and unit testing  SRS documentation and Development Education Details 
MCM  Pune Maharashtra Pune University
BSc Computer Science Indore Madhya Pradesh DAVV UniversityDesignation  Dot Net DeveloperDot Net DeveloperSkill Details 
Entity Framework Exprience  Less than 1 year months
C Exprience  Less than 1 year months
AspNet Exprience  Less than 1 year months
Javascript Exprience  Less than 1 year months
OOP Exprience  Less than 1 year months
ASPNet MVC Exprience  Less than 1 year months
CSS Exprience  Less than 1 year months
Ajax Exprience  Less than 1 year months
SQL Exprience  Less than 1 year months
Jquery Exprience  Less than 1 year months
HTML Exprience  Less than 1 year months
JSON Exprience  Less than 1 year monthsCompany Details 
company  Cognizant Technology Solutions
description  I am working as a dot net developer
company  NiLux Software Ltd
description  I was worked as a dot net developer
company  Nilux Software Ltd
description  "
ETL Developer,"TechnicalProficiencies DB Oracle 11g Domains Investment Banking Advertising Insurance Programming Skills SQL PLSQL BI Tools Informatica 91 OS Windows Unix Professional Development Trainings  Concepts in Data Warehousing Business Intelligence ETL  BI Tools Informatica 9X Education Details 
BCA  Nanded Maharashtra Nanded UniversityETL DeveloperETL Developer  Sun Trust Bank NYSkill Details 
ETL Exprience  39 months
EXTRACT TRANSFORM AND LOAD Exprience  39 months
INFORMATICA Exprience  39 months
ORACLE Exprience  39 months
UNIX Exprience  39 monthsCompany Details 
company  Sun Trust Bank NY
description  Sun Trust Bank NY JAN 2018 to present
Client Sun Trust Bank NY
Environment Informatica Power Center 91 Oracle 11g unix
Role ETL Developer
Project Profile
Sun Trust Bank is a US based multinational financial services holding company headquarters in NY that operates the Bank in New York and other financial services investments The company is organized as a stock corporation with four divisions investment banking private banking Retail banking and a shared services group that provides
Financial services and support to the other divisions
The objective of the first module was to create a DR system for the bank with a central point of communication and storage for Listed Cash securities Loans Bonds Notes Equities Rates Commodities and
FX asset classes
Contribution  Highlights
Liaising closely with Project Manager Business Analysts Product Architects and Requirements Modelers CFOC to define Technical requirements and create project documentation
Development using Infa 91 11gOracle UNIX
Use Informatica PowerCenter for extraction transformation and loading ETL of data in the Database
Created and configured Sessions in Informatica workflow Manager for loading data into Data base tables from various heterogeneous database sources like Flat Files Oracle etc
Unit testing and system integration testing of the developed mappings
Providing production Support of the deployed code
Providing solutions to the business for the Production issues
Had one to One interaction with the client throughout the project and in daily meetings
Project 2
company  Marshall Multimedia
description  JUN 2016 to DEC 2017
Client Marshall Multimedia
Environment Informatica Power Center 91 Oracle 11g unix
Role ETL Developer
Project Profile
Marshall Multimedia is a US based multimedia advertisement services based organization which has
head courter in New York EGC interface systems are advert management Customer Management Billing and
Provisioning Systems for Consumer Enterprise Customers
The main aim of the project was to create an enterprise data warehouse which would suffice the need of reports belonging to the following categories Financial reports management reports and
rejection reports The professional reports were created by Cognos and ETL work was performed by
Informatica This project is to load the advert details and magazine details coming in Relational tables into data warehouse and calculate the compensation and incentive amount monthly twice as per business
rules
Contribution  Highlights
Developed mappings using different sources by using Informatica transformations
Created and configured Sessions in Informatica workflow Manager for loading data into Data Mart tables from various heterogeneous database sources like Flat Files Oracle etc
2
Unit testing and system integration testing of the developed mappings
Providing solutions to the business for the Production issues
Project 3
company  Assurant healthcareInsurance Miami USA
description  Assurant USA                                                                                                    NOV 2015 to MAY 2016
Project ACT BI  State Datamart
Client Assurant healthcareInsurance Miami USA
Environment Informatica Power Center 91 Oracle 11g unix
Role ETL Developer
Project Profile
Assurant Inc is a holding company with businesses that provide a diverse set of specialty nichemarket insurance
products in the property casualty life and health insurance sectors The companys four operating segments are Assurant
Employee Benefits Assurant Health Assurant Solutions and Assurant Specialty Property
The project aim at building State Datamart for enterprise solution I am part of team which is responsible for ETL
Design  development along with testing
Contribution  Highlights
Performed small enhancement
Daily load monitoring
Attend to Informatica job failures by analyzing the root cause resolving the failure using standard
documented process
Experience in writing SQL statements
Strong Problem Analysis  Resolution skills and ability to work in Multi Platform Environments
Scheduled the Informatica jobs using Informatica scheduler
Extensively used ETL methodology for developing and supporting data extraction transformations and loading process in a corporatewideETL Solution using Informatica
Involved in creating the Unit cases and uploaded in to Quality Center for Unit Testing and UTR
Ensure that daily support tasks are done in accordance with the defined SLA"
Hadoop,"Education Details 
Hadoop DeveloperHadoop Developer  INFOSYSSkill Details 
Company Details 
company  INFOSYS
description  Project Description The banking information had stored the data in different data ware house systems for each department but it becomes difficult for the organization to manage the data and to perform some analytics on the past data so it is combined them into a single global repository in Hadoop for analysis
Responsibilities
Analyze the banking rates data set
Create specification document
Provide effort estimation
Develop SPARK Scala SPARK SQL Programs using Eclipse IDE on WindowsLinux environment
Create KPIs test scenarios test cases test result document
Test the Scala programs in Linux Spark Standalone mode
setup multi cluster on AWS deploy the Spark Scala programs
Provided solution using Hadoop ecosystem  HDFS MapReduce Pig Hive HBase and Zookeeper
Provided solution using large scale serverside systems with distributed processing algorithms
Created reports for the BI team using Sqoop to export data into HDFS and Hive
Provided solution in supporting and assisting in troubleshooting and optimization of MapReduce jobs and
Pig Latin scripts
Deep understanding of Hadoop design principles cluster connectivity security and the factors that affect
system performance
Worked on Importing and exporting data from different databases like Oracle Teradata into HDFS and Hive
using Sqoop TPT and Connect Direct
Import and export the data from RDBMS to HDFSHBASE
Wrote script and placed it in client side so that the data moved to HDFS will be stored in temporary file and then it will start loading it in hive tables
Developed the Sqoop scripts in order to make the interaction between Pig and MySQL Database
Involved in developing the Hive Reports Partitions of Hive tables
Created and maintained technical documentation for launching HADOOP Clusters and for executing HIVE
queries and PIG scripts
Involved in running Hadoop jobs for processing millions of records of text data
Environment Java Hadoop HDFS MapReduce Pig Hive Sqoop Flume Oozie HBase Spark Scala
Linux NoSQL Storm Tomcat Putty SVN GitHub IBM WebSphere v85
Project 1 TELECOMMUNICATIONS
Hadoop Developer
Description To identify customers who are likely to churn and 360degree view of the customer is created from different heterogeneous data sources The data is brought into data lake HDFS from different sources and analyzed using different Hadoop tools like pig and hive
Responsibilities
Installed and Configured Apache Hadoop tools like Hive Pig HBase and Sqoop for application development and unit testing
Wrote MapReduce jobs to discover trends in data usage by users
Involved in database connection using SQOOP
Involved in creating Hive tables loading data and writing hive queries Using the HiveQL
Involved in partitioning and joining Hive tables for Hive query optimization
Experienced in SQL DB Migration to HDFS
Used NoSQLHBase for faster performance which maintains the data in the DeNormalized way for OLTP
The data is collected from distributed sources into Avro models Applied transformations and standardizations and loaded into HBase for further data processing
Experienced in defining job flows
Used Oozie to orchestrate the workflow
Implemented Fair schedulers on the Job tracker to share the resources of the Cluster for the Map Reduce
jobs given by the users
Exported the analyzed data to the relational databases using HIVE for visualization and to generate reports for the BI team
Environment Hadoop Hive Linux MapReduce HDFS Hive Python Pig Sqoop Cloudera Shell Scripting
Java JDK 16 Java 6 Oracle 10g PLSQL SQLPLUS"
Java Developer,"SKILLS  1 Team leading 2 Selfmotivated 3 Hard working  Strengths Ready to learn new Programming Languages Punctual Discipline Respectfulness DECLARATION I hereby inform you that all the statement made above are true with the best of my knowledge and belief Education Details 
August 2014 to July 2017 MCA Computer Sciene Amravati Maharashtra SGBAU AmaravtiJava Web DeveloperSkill Details 
Core JavaJSPServletSpringHibernateStrutsJavascript Exprience  6 monthsCompany Details 
company  Salcluster Technologies
description  1  I am Java web developer
2 Jsp  servlet Sprinng MVC Technologies"
Network Security Engineer,"Skill Set Cisco Certified Network Associates CCNA   Basic knowledge of networking such as Ethernet mediums ethernet communication types of Ethernet communication devices etc  IPv4 Subnetting Supernetting  Basic configuration of Routing Switching Access lists Network Address Translation NAT Virtual LANs VLANs etc Cisco Certified Network Associates CCNASecurity   Basic security goals and need  Different types of attacks like access attacks reconnaissance strategies etc  Basic configuration of firewalls  Mitigation techniques such as access control lists private VLANs VLAN hopping IP source guard DHCP snooping Authentication Authorization  Accounting AAA IP Security IPsec etc Cisco Certified Network Professional CCNPRouting Switching  MPLS   RoutingConfiguration and concept of EIGRP OSPF and BGP  SwitchingVirtual LANs VLANs spanning tree protocol STP queuing etc  MPLS MultiProtocol Label Switching Basic idea about working types and modes of MPLS penultimate hopping in mpls etc Cisco Certified Network Professional Security ASA Module   Knowledge of Control Plane Security Management Plane Security and Data Plane Security  Knowledge of Network Telemetary NTP NetFlow Logging NAT fundamental on ASA  Firewall filtering technologies ASA modes of deployment ASA failover Security context Reputation based firewall Identity firewall Zone based firewall Projects TE Project Title Temperature Controlled Cooling Fan Academic Year 20162017 sem5 Description  This project simply senses the temperature level and turn ON the FAN when temperature is above set limit This project was developed with an aim to control the temperature of devices and reduce the damages of the devices because of heating Title Automatic Plant Watering System Academic Year 20162017 sem6 Description  This project simply senses the moisture level and turn ON the water pump when moisture is Education Details 
January 2018 BE Technology Mumbai Maharashtra Mumbai university
HSC Mahatma Gandhi High  Maharashtra State Board
SSC Mahatma Gandhi High  Maharashtra State Board
School  Junior CollegeNetwork Security EnginnerNetwork Security EngineerSkill Details 
Networking Exprience  Less than 1 year months
SubnettingSupernetting Exprience  Less than 1 year months
Access Lists Exprience  Less than 1 year months
ACLS Exprience  6 months
Network Address TranslationNAT Exprience  Less than 1 year months
VLAN Exprience  Less than 1 year months
AAA Exprience  Less than 1 year months
IPSec Exprience  Less than 1 year months
ACCESS CONTROL LISTS Exprience  6 months
DHCP Snooping Exprience  Less than 1 year months
Private Vlan Exprience  Less than 1 year months
VLAN Hopping Exprience  Less than 1 year months
VPN Exprience  Less than 1 year months
Routing protocolsRIPEIGRPOSPFBGP Exprience  Less than 1 year months
DMVPN Exprience  Less than 1 year months
Switching Exprience  Less than 1 year months
Control Plane Security Exprience  Less than 1 year months
Data Plane Security Exprience  Less than 1 year months
Management Plane Security Exprience  Less than 1 year months
Network Telemetary Exprience  Less than 1 year months
Firewall Exprience  Less than 1 year months
Firewall Filtering Technologies Exprience  Less than 1 year months
ASA Failovers Exprience  Less than 1 year months
Zone Based Firewall Exprience  Less than 1 year months
Reputation Based Firewall Exprience  Less than 1 year months
Security Context Exprience  Less than 1 year months
Security Exprience  Less than 1 year monthsCompany Details 
company  Stormfur Technologies LLP
description  Network Security Engineer
Stromfur Technologies LLP
August 2018Present
Troubleshoot firewall related incidents for customers
Solve technical problems relating to installing security solutions
Analyze security requirements of network system
Reviewed configuration and maintained Cisco ASA Firewalls routers and switches
Reviewed and modified access control lists ACLs on network switching and routing equipment as needed to maintain security standards
Participated in core network team to upgrade corporate network
Maintained network security technologies and services
Interacted with clients and analyzed operational requirements
Install and configured of IPSEC and SSL VPN
Reviewed and configured VLAN Routing Protocols RIP OSPF EIGRP NAT
Support for client in various networking issues"
Python Developer,"TECHNICAL PROFICIENCIES Platform UbuntuFedoraCent OSWindows Database MySQL Languages Python Tensorflow Numpy C C Education Details 
January 2016 ME Computer Engineering Pune Maharashtra Savitribai Phule Pune University
January 2014 BE Computer Engineering Pune Maharashtra Savitribai Phule Pune University
January 2010    RYK Science College Maharashtra state board
January 2008    Maharashtra state boardPython developerPython DeveloperSkill Details 
C Exprience  6 months
MYSQL Exprience  6 months
PYTHON Exprience  6 monthsCompany Details 
company  Fresher
description  Python programming"
React JS Developer,"MAREEDU LOKESH BABU
PROFESSIONAL OVERVIEW
Around 2  years of experience in software design development implementation and maintenance of applications using HTML CSS JavaScript JQuery PHP MySQL React js  Node Js
Knowledge in Object Oriented PHP Programming
Knowledge in versioning control like GIT
Involved in Responsive web development using Bootstrap
Strong Analytical Problem solving skills Presentation skills and  good team player
I can work with independently
SCHOLASTICS
BTech Computer Science Engineering from VKR VNB  AGK  College of Engineering and Technology  Gudiwada affiliated to JNTUK with 764 in 2019
TECHNICAL SKILLS
Web Technologies	                	HTML CSS BOOTSTAPJAVASCRIPT JQUERY 
PHP React js  Node js                                                                              
Database	                               	MYSQL
Operating System	                	Windows
IDE				 	Visual Studio NetBeans
Code repository Tools                                   GIT
Web Servers			              Apache
Installers                                                          XAMPP
PROJECTs
Project 1 
Name		              RMC Redimix Concrete
Duration                            Sept 2019   Till now
Team Size	 	5
Environment	 	HTML CSS Bootstrap MySQL React js Node js
Description
It is a product built for Instant Redimix ConcreteRMC This product is  related to construction industry which supplies   redimix concrete  based on customer requirement  Take orders from Customers Business or a mix of bothIt manages all your sales stock accounting shipping and customer data from a single place Inventory control improves tracking and control other inventory activities and stock movements
Responsibilities
Active Participation in development with timely delivery as per the deadlines
Designed website using HTML and CSS 
Programming and coordinating with Team 
Responsibilities include database design code profiling and extensive documentation
Review and perform the design validation by working with client
Implemented on validations with required fields dynamically
Coordinating with team and client for weekly status calls
Close follow up with the testing team in resolving issues
Review with end user on key functionalities of the system and work on improvements of the application technically
Career Profiles
Software Developer at Maganti IT SolutionsVijayawada  from  5th August  2019
DATE                                                                                                                    Mareedu Lokesh Babu
PLACE                                                                                                                   SIGNATURE"
SAP Developer,"Competencies SAP Business Intelligence Version SAP BO 42 BO Tools Design Studio IDT Webi UDT CMC activities Backend DB HANA BW Bex Queries SQLEducation Details 
SAP BO Developer and SAP HANA DeveloperSAP BO Developer  Credit SuisseSkill Details 
Sap Bi Exprience  72 months
CMC Exprience  72 months
HANA Exprience  36 months
BUSINESS INTELLIGENCE Exprience  72 months
SQL Exprience  72 months
SAP BO Exprience  72 monthsCompany Details 
company  Accenture
description  Company Accenture Pune
Environment SAP BO 42 IDT HANA views
Role SAP BO Developer and HANA developer
Description
This Project aims to provide reporting solution for Swiss business usersThe universe supports analyzing customer funds purchase order patterns and order lifecycle reporting
The purpose of reports is to provide an endtoend view of the entire sales order transaction and to track the investment orders in various funds including the status of orders order types along with the gross value and net value to be generated from these orders
Roles  Responsibilities
Analyzed user requirements and sorted the best possible ways of optimizing performance of universe
CV and generated views development in HANA studio
Handling day to day activities involved in development of Business Objects as per the client requirements
Worked as a team member with backend counterpart to understand the Business Requirements
Developing and maintaining universes
Raised OSS tickets to SAP for issues and implemented suggestionworkaround in development
Fixed webi issues reported by users
Created BIAR file and promoted to higher environments by change request
Project handover to team and documentation for reference
Project 2
Project Name Nestle
Client Nestle Globe
Company Tech Mahindra Pvt Ltd Bangalore
Environment SAP BO 42 IDT HANA views
Role SAP BO Developer and HANA developer
Description
This Project aims to provide reporting solution for Global business users The Globe Integrated Order IO Billing Detail and Order Detail universes combines orders deliveries shipment and billing documents at the order item level
The universe supports analyzing customer order patterns and order lifecycle reporting
The purpose of reports on this universe is to provide an endtoend view of the entire sales order transaction and to track the sales orders in various ways including the status of orders order types along with the gross value and net value to be generated from these orders
Roles  Responsibilities
Analyzed user requirements and sorted the best possible ways of optimizing performance of universe
CV and generated views development in HANA studio
Handling day to day activities involved in development of Business Objects as per the client requirements
Worked as a team member with backend counterpart to understand the Business Requirements
Developing and maintaining universes
Raised OSS tickets to SAP for issues and implemented suggestionworkaround in development
Implemented Union pruning in concept in universe to optimize performance by partition selection in HANA views by passing value to prompt
Fixed webi issues reported by users
Created BIAR file and promoted to higher environments by change request
Project handover to team and documentation for reference
Project 3
Project Name Nestle
Client Nestle TCT
Company Tech Mahindra Pvt Ltd Bangalore
Environment SAP BO XI 42 Design Studio 16 SP6  Bex Queries
Role SAP BO Developer
Description
The Project was developed to show delay in Nestle freight orders by hours on cross tab bar chart geo map due to weather conditions
Basic Source for the data was BW Bex queries and the top of these Queries dashboard was designed
This main user audience was transport control tower members to analyze and take decision to send consignments via other modes of transport due to weather conditions to avoid delay and reduce expenditure
Roles  Responsibilities
Involved with users to understand the Business Requirements and implement feature in a generic way
Suggested best visualization components in dashboard to use
Analyzing user requirements and finding the best possible ways of representing the data
Bug Fixes and feature enhancement in application
Project 4
Project Name Nestle
Client Nestle BA
Company Tech Mahindra Pvt Ltd Bangalore
Environment SAP BO 42 Design Studio 16  Bex Queries
Role SAP BO Developer
Description
The Project Nestle BA Catalogue Reporting for Nestle is basically to provide Dashboard in Design studio with the information of all the reports used within Nestle
And this dashboard is been used by all the users of Nestle within different region of globe
Basic Source for the data was BW Bex Queries and the top of these Queries Dashboard was designed
This main purpose of the project was to help users to understand about usage of different reports on portal and to help them to take decision for decommissioning of a report
Roles  Responsibilities
Involved with customer to understand the Business Requirements in order to present the data in a meaningful manner and suggested component selection to visualize data in most effectively
Analyzing user requirements and finding the best possible ways of representing the data
Changes in BW query according to requirement
Interacting with client team for requirement gathering and analysis
Implemented ideas in bex and design studio app to optimize performance with help of successful POC
Project 5
Project Name Warner Bros
Client Marvin Pictures US
Company CapGemini Pvt Ltd Bangalore
Tools Teradata DB SAP BO 41 Webi IDT CMC Query builder HPSM ticketing tool
Role SAP BO Developer
Description
The purpose of the project is tracking of DVD and comic sale worldwide The Application will be used by End Users to analyze their sales Information and to help them in taking decision for their Business Growth
Sales reports in webi were based on universe Teradata tables were source to universe
Worked as shared resource for CMC activities and webiuniverse issues tickets
Roles  Responsibilities
Working as a team member to understand the Business Requirements
Performed CMC activities like user  user group creation providing access to objects and folders Created folders for reports connection universes and provided user security connection pointing to universe
Worked on issue related to connection universe objects and webi reports enhancements
Raised OSS messages to SAP to seek solution related to BO tool and limitations
Worked on webi report universe defects and enhancements
Meeting with users to understand issue suggest best solution and ETA
Worked on query builder to find BO objects metadata for investigation
Created of BIAR format using promotion management
Project 6
Project Name Nordea
Client Nordea Bank Sweden
Company CapGemini Pvt Ltd Bangalore
Environment SAP BO 41 IDT Webi Teradata
Role SAP BO Developer
Description
The Project report Analytics for Nordea aims to provide clear analysis of personal company accounts in bank around the world In all regions reports have data related to users and their account type
Webi reports based on universe based on Teradata DB financial tables
This project mainly tracks firms Sales with respect to different criterias like customer wise sales for different categories It helps various end Users to analyze their sales related information and to help in their business growth and make precise decisions
Roles  Responsibilities
Involved in activities to understand the Business Requirements
Analyzing user requirements and finding the best possible ways of representing the data
Designing and developing interactive webi reports as per clients dynamic requirements
Developed webi reports having blocks graphs and linked report with summary report
After development performing unit test activities and presentation to users
Implementation of Business Object ie Webi from one Environment to another using BIAR File
Fixed issues in webi reports related to data and report formatting and made changes in report requested by users in MAT
Prepared RDD for reports and performed unit testing
Provided KT to users and supports teams
company  Tech Mahindra
description  
company  Capgemini
description  "
SQL Developer,"KAMBALLA PRADEEP 
SYNOPSIS 
Looking forward to aspire a challenging career where in enhancing my technical knowledge and work hardly towards the growth of the organization 
SUMMARY 
Having 28 years of Professional Software development experience in the areas of 
developing and supporting applications based on Microsoft SQL Server 
Proficient in Relational Database Management Systems RDBMS
Expertise in TransactSQL DDL DML DCLand in Design and Normalization of 	the database tables
Experience in implementing business logic using Triggers Indexes Views and 	Stored Procedures 
Extensive knowledge of advance query concepts eg group By having clause 	union so on 
Experience with tools like SQL Server management studio and SQL 	Server2008r22012 Integration SSIS 
Experience in Creating and Updating Clustered and NonClustered Indexes to 	keep up the SQL Server Performance 
Selfmotivated and ability to learn and grasp new technologies and domain 	knowledge 
Excellent analytical communication and interpersonal skills Proficient in 	technical writing and presentations and a good team player 
Experienced in authoring and deploying SQL Server Integration Services SSIS 
packages 
Good Experience in optimizing the queries by creating various clustered non
clustered indexes and indexed views 
Extensive experience with SQL Server and TSQL in constructing Procedures 
triggers Tables Table variables user defined functions views indexes CTE temp 
tables relational database models 
Education Details 
Graduated in Bsc  from Sri Venkateshwara University Tirupathi2018
WORK EXPERIENCE 
Currently working as a software Engineering in Coginic Technologies pvt Ltd from JUN2018 to 04th feb 2021 inHyderabad 
TECHNICAL SKILLS 
Languages 
SQL TSQL SSIS MY SQL
Technologies 
MS SQL Sever 
Operating Systems
Windows 10
DBMS
SQL Server 2012 2016
OLAP Tools
SQL Server Analysis Services
ETL Tools
SQL Server Integration Services
Reporting Tools
SQL Server Reporting Services Report Builder
Project Details 
Project 1 
Project Name
Capital Finance  Core Accounting system
Client Name
L  T Finance Services 
Environment
TSQL SQL Server SQL Server 20122016 SSIS
Role
SQL Developer
Description
Precise is an information management system 	custom built in the late  1990s Precise is a system of 	record for Wells Fargo Capital Finance client 	information It is modular in design and houses a suite 	of 7 applications 1Appraisal 2Client information 	profile 3Compliance tracking module 4 Document 	tracking system 5 Field Exam 6Participants 7 	Trends terms and comments
The Enterprise Management System EMS is the 	system of record for the management of application 	access and distribution of business tools for Wells 	Fargo Capital Finance WFCF team members It is 	used to capture all employee functional data  such as 	team members 
Job title Division Contact information Business 	tools Levels of system access and Emergency contact 	information in a central repository 
iReports Application is a web based centralized reporting application provides a consolidated view of all the reports related to Wells Fargo Capital Finance iReports application is a 3 tier application consisting with UI Service and Data Access Layer UI layer is developed in AngularJS mainly highlighting the UI layout of the Application In the Data Access layer it is responsible to communicate with respective application database and we use ADONet to implement the DAL layer 
For showing the reports we are using the SSRS report viewer control to fetch the report from the respective SSRS server
Responsibility
Analyzing 
and 
Understanding 
the 
business 
requirements 
Created and manipulated many Packages 
Implemented ETL and business logic with various 
tasks and transformations 
Written many customized queries implemented 
many performance improvements across packages 
Populating the Data from different source systems 
into DW using SSIS 
Involved in unit testing against the developed 
packages 
Responsible for security and roles 
Writing Adhoc queries for migration and Report 
Purpose 
Responsible for development ofProcedures 
Functions and database Triggers 
Created indexes and analyzed its role 
for optimizations 
Creating various types of reports like drill down 
drill through sub reports 
Writing Migration Queries based on Requirement 
and data related issues 
Developed Dynamic SQL queries and results with 
manipulated data 
Coordinating the Developing activities with the 
development team and QA team 
Enhancements of the existing code according to 
client requirements"
Testing,"COMPUTER SKILLS  SOFTWARE KNOWLEDGE MSPower Point MS  Office C Protius PCB Design Multisim Micro wind Matlab Keil Latex Basic I nternet Fundamentals Software and Hardware Knowledge PROJECT DETAILS Diploma Project Speed Control of DC Motor Using Heart Beats Mini Project Water Gardening System Using Solar Panel Final Year BE Project Iris Recognition systemEducation Details 
January 2016 BE EDUCATION Pune Maharashtra PUNE University
January 2010 SSC   Maharashtra BoardQuality EngineerQuality Engineer  Matrix TechnologiesSkill Details 
MATLAB Exprience  6 months
PCB Exprience  6 months
PCB DESIGN Exprience  6 monthsCompany Details 
company  Matrix Technologies
description  
company  RB Electronics
description  "
Web Designing,"Education Details 
BCA Bachelor Computer Application Pune Maharashtra Pune University
HSC  Pune Maharashtra Pune University
SSC  Pune Maharashtra Pune UniversityWeb Designing and Developerphp Developer  Exposys Pvt LtdSkill Details 
Company Details 
company  Exposys Pvt Ltd
description  Technical Skills
Web Development HTML5 CSS3 Bootstrap PHP Ajax Jquery JavaScript
Database MySQL
Development Tools Notepad Sublime Text2
Framework Codeigniter
Server Apache tomcat Xampp Control Panel
Operating Systems Windows
company  Exposys Pvt Ltd
description  Pune	Augest 2017 to till date
Project Details
ProjectI Pragat Bharat System
Technologies Used HTML CSS BOOTSTRAP PHP JQUERY AJAX
Database Used My SQL
Team size 1
Position Software Developer
Synopsis This project aim is specially design for people It is used to collect information to diifernt sector
ProjectII Go Ayur System
Technologies Used HTML CSS BOOTSTRAP PHP JQUERY AJAX
Database Used My SQL
Team size 2
Position Software Developer
Synopsis Go Ayurveda Panchakarma center is one of most traditionally well established professional and innovative providers of Classical
Ayurvedic Health services and Kerala Panchakarma therapies
ProjectIII Vitsanindia System
Technologies Used HTML CSS BOOTSTRAP PHP JQUERY AJAX JAVA SCRIPT
Database Used My SQL
Team size 2
Position Software Developer
Synopsis Online Shooping through app This app is user friendly because there is a option for change language User can to find different categories products as there choice
ProjectIV MahabaleshwarTours
Technologies Used HTML CSS BOOTSTRAP PHP JQUERY AJAX JAVA SCRIPT
Database Used My SQL
Team size 1
Position Software Developer
Synopsis In this system is to provide Online Registration Tour Package Information Ticket Booking Online Payment and Searching Facility for Customer and also Generate Different types of Report
ProjectV Cityspaceindia
Technologies Used HTML CSS BOOTSTRAP PHP JQUERY AJAX JAVA SCRIPT
Database Used My SQL
Team size 1
Position Software Developer
Synopsis Service provider website we provide different categories
ProjectVI Fruitsbuddy
Technologies Used HTML CSS BOOTSTRAP PHP JQUERY AJAX JAVA SCRIPT
Database Used My SQL
Team size 1
Position Software Developer
Synopsis Fruitbuddy is to manage the details of fruits Customer Order Transaction Payment It manages all the information about fruits Stocks Payment The project is totally built at administrative end and thus only the administrator is guaranteed the access The purpose of the project is to build an application program to reduce the manual work for managing the fruits Customer Stocks Order
ProjectVII Totalcitee
Technologies Used HTML CSS BOOTSTRAP PHP JQUERY AJAX JAVA SCRIPT
Database Used My SQL
Team size 1
Position Software Developer
Synopsis Real Estate web application has been created for helping you to sell properties through web based user interface Visitors on your website can view particular desired products using search engine facility
ProjectVIII Golchha
Technologies Used HTML CSS BOOTSTRAP PHP JQUERY AJAX JAVA SCRIPT
Database Used My SQL
Team size 1
Position Software Developer
Synopsis Service provider website we provide different categories"
